Workbook

Sheet Inputs
A1: Batch Value & Cost Mapping — Inputs
A2: Revenue per unit ($) | B2: 40 | D2: How to use
A3: Total COGS per unit ($) | B3: 5.8 | D3: 1) Set your revenue/COGS + batch size (blue cells).
A4: Units per batch | B4: 1 | D4: 2) In Ops_CostValue, fill incremental costs and survival probs.
A5: Total revenue per batch ($) | B5: =B2*B4 | D5: 3) Check Charts for the cost-vs-value curve + exposure hotspots.
A6: Total COGS per batch ($) | B6: =B3*B4
A7: Number of operations | B7: 24
A8: Assumed default step survival pᵢ (used if blank) | B8: 0.99

Sheet Ops_CostValue
A1: Op # | B1: Operation Name | C1: Incremental Cost cᵢ ($) | D1: Cumulative Cost Cᵢ ($) | E1: Step Survival pᵢ | F1: Cum Survival Sᵢ | G1: Final Value ($) [link] | H1: Expected Value EVᵢ ($) | I1: Expected Margin Mᵢ ($) | J1: Salvage Value ($) (optional) | K1: EV w/ Salvage ($) (optional) | L1: Exposure = (1-pᵢ)*Cᵢ ($) | M1: Notes / Failure modes / Controls
A2: 1 | B2: Operation 1 | C2: =Inputs!$B$6/Inputs!$B$7 | D2: =C2 | E2: =Inputs!$B$8 | F2: =E2 | G2: =Inputs!$B$5 | H2: =F2*G2 | I2: =H2-D2 | K2: =H2 + (1-F2)*IF(J2="",0,J2) | L2: =(1-E2)*D2
A3: 2 | B3: Operation 2 | C3: =Inputs!$B$6/Inputs!$B$7 | D3: =D2+C3 | E3: =Inputs!$B$8 | F3: =F2*E3 | G3: =Inputs!$B$5 | H3: =F3*G3 | I3: =H3-D3 | K3: =H3 + (1-F3)*IF(J3="",0,J3) | L3: =(1-E3)*D3
A4: 3 | B4: Operation 3 | C4: =Inputs!$B$6/Inputs!$B$7 | D4: =D3+C4 | E4: =Inputs!$B$8 | F4: =F3*E4 | G4: =Inputs!$B$5 | H4: =F4*G4 | I4: =H4-D4 | K4: =H4 + (1-F4)*IF(J4="",0,J4) | L4: =(1-E4)*D4
A5: 4 | B5: Operation 4 | C5: =Inputs!$B$6/Inputs!$B$7 | D5: =D4+C5 | E5: =Inputs!$B$8 | F5: =F4*E5 | G5: =Inputs!$B$5 | H5: =F5*G5 | I5: =H5-D5 | K5: =H5 + (1-F5)*IF(J5="",0,J5) | L5: =(1-E5)*D5
A6: 5 | B6: Operation 5 | C6: =Inputs!$B$6/Inputs!$B$7 | D6: =D5+C6 | E6: =Inputs!$B$8 | F6: =F5*E6 | G6: =Inputs!$B$5 | H6: =F6*G6 | I6: =H6-D6 | K6: =H6 + (1-F6)*IF(J6="",0,J6) | L6: =(1-E6)*D6
A7: 6 | B7: Operation 6 | C7: =Inputs!$B$6/Inputs!$B$7 | D7: =D6+C7 | E7: =Inputs!$B$8 | F7: =F6*E7 | G7: =Inputs!$B$5 | H7: =F7*G7 | I7: =H7-D7 | K7: =H7 + (1-F7)*IF(J7="",0,J7) | L7: =(1-E7)*D7
A8: 7 | B8: Operation 7 | C8: =Inputs!$B$6/Inputs!$B$7 | D8: =D7+C8 | E8: =Inputs!$B$8 | F8: =F7*E8 | G8: =Inputs!$B$5 | H8: =F8*G8 | I8: =H8-D8 | K8: =H8 + (1-F8)*IF(J8="",0,J8) | L8: =(1-E8)*D8
A9: 8 | B9: Operation 8 | C9: =Inputs!$B$6/Inputs!$B$7 | D9: =D8+C9 | E9: =Inputs!$B$8 | F9: =F8*E9 | G9: =Inputs!$B$5 | H9: =F9*G9 | I9: =H9-D9 | K9: =H9 + (1-F9)*IF(J9="",0,J9) | L9: =(1-E9)*D9
A10: 9 | B10: Operation 9 | C10: =Inputs!$B$6/Inputs!$B$7 | D10: =D9+C10 | E10: =Inputs!$B$8 | F10: =F9*E10 | G10: =Inputs!$B$5 | H10: =F10*G10 | I10: =H10-D10 | K10: =H10 + (1-F10)*IF(J10="",0,J10) | L10: =(1-E10)*D10
A11: 10 | B11: Operation 10 | C11: =Inputs!$B$6/Inputs!$B$7 | D11: =D10+C11 | E11: =Inputs!$B$8 | F11: =F10*E11 | G11: =Inputs!$B$5 | H11: =F11*G11 | I11: =H11-D11 | K11: =H11 + (1-F11)*IF(J11="",0,J11) | L11: =(1-E11)*D11
A12: 11 | B12: Operation 11 | C12: =Inputs!$B$6/Inputs!$B$7 | D12: =D11+C12 | E12: =Inputs!$B$8 | F12: =F11*E12 | G12: =Inputs!$B$5 | H12: =F12*G12 | I12: =H12-D12 | K12: =H12 + (1-F12)*IF(J12="",0,J12) | L12: =(1-E12)*D12
A13: 12 | B13: Operation 12 | C13: =Inputs!$B$6/Inputs!$B$7 | D13: =D12+C13 | E13: =Inputs!$B$8 | F13: =F12*E13 | G13: =Inputs!$B$5 | H13: =F13*G13 | I13: =H13-D13 | K13: =H13 + (1-F13)*IF(J13="",0,J13) | L13: =(1-E13)*D13
A14: 13 | B14: Operation 13 | C14: =Inputs!$B$6/Inputs!$B$7 | D14: =D13+C14 | E14: =Inputs!$B$8 | F14: =F13*E14 | G14: =Inputs!$B$5 | H14: =F14*G14 | I14: =H14-D14 | K14: =H14 + (1-F14)*IF(J14="",0,J14) | L14: =(1-E14)*D14
... A25: 24 | B25: Operation 24 | C25: =Inputs!$B$6/Inputs!$B$7 | D25: =D24+C25 | E25: =Inputs!$B$8 | F25: =F24*E25 | G25: =Inputs!$B$5 | H25: =F25*G25 | I25: =H25-D25 | K25: =H25 + (1-F25)*IF(J25="",0,J25) | L25: =(1-E25)*D25
A27: Summary
A28: Final cumulative survival S_final | B28: =F25
A29: Expected revenue at release (EV_final) | B29: =H25
A30: Expected margin at release (M_final) | B30: =I25
A31: Total cumulative cost (C_final) | B31: =D25

Sheet Charts
A1: Charts
A36: Interpretation guide:
A37: • Where Expected Value crosses above Cumulative Cost is your economic 'break-even gate'.
A38: • The exposure bar chart highlights steps where failures are both likely and expensive.
